standard_clause,Risk_Level,Action_Required
The agreement may be terminated by either party with 30 days' written notice.,Low,None
Payment shall be made within 45 days of receipt of a valid invoice.,Medium,Review
The service provider shall not be liable for indirect or consequential damages.,High,Legal Review
All confidential information must remain undisclosed for 3 years post-termination.,Medium,Review
The intellectual property rights of the developed product shall remain with the client.,Low,None
The supplier must comply with all data protection and privacy laws.,High,Legal Review
The client may terminate the agreement if the vendor fails to meet performance standards.,Medium,Review
All invoices shall be paid in USD.,Low,None
Any modification to this agreement must be made in writing.,Low,None
The service provider will ensure 99.9% uptime for hosted services.,Medium,Review
The parties shall not disclose confidential information to third parties.,Medium,Review
The agreement is governed by the laws of England and Wales.,Low,None
The customer shall indemnify the supplier against all claims arising from misuse.,High,Legal Review
Either party may terminate this agreement with cause upon 10 days' written notice.,Medium,Review
The service provider shall carry adequate insurance coverage at all times.,Low,None
Data shall not be transferred outside the EEA without written consent.,High,Legal Review
The vendor shall deliver all milestones by the agreed delivery date.,Medium,Review
The employee shall not compete with the company for a period of 12 months post-termination.,High,Legal Review
Late payments shall attract an interest of 1.5% per month.,Medium,Review
The agreement shall automatically renew for successive one-year terms.,Medium,Review
The client acknowledges that minor delays shall not constitute a breach.,Low,None
The parties agree to resolve disputes amicably before arbitration.,Low,None
The vendor shall maintain proper records of all services rendered.,Low,None
Any breach of confidentiality will lead to immediate termination.,High,Legal Review
The service provider must comply with applicable labor laws.,Medium,Review
This agreement supersedes all prior communications between the parties.,Low,None
The supplier shall provide software updates quarterly.,Medium,Review
The contractor shall ensure compliance with anti-bribery legislation.,High,Legal Review
The buyer shall inspect goods upon delivery.,Low,None
The company may revise fees with 30 days’ written notice.,Medium,Review
Neither party shall be liable for delays due to force majeure events.,Low,None
The vendor shall ensure employees undergo regular security training.,Medium,Review
The client will provide all necessary resources for project completion.,Low,None
The service provider must obtain prior consent before subcontracting.,Medium,Review
The supplier guarantees that products are free from defects for one year.,Low,None
The vendor shall promptly report any data breach to the client.,High,Legal Review
The client agrees not to hire or solicit vendor employees for 12 months.,Medium,Review
The supplier will deliver reports in PDF format monthly.,Low,None
The agreement will terminate automatically upon insolvency of either party.,Medium,Review
The software shall be compatible with industry standards.,Low,None
The company reserves the right to audit vendor performance annually.,Medium,Review
The parties agree to electronic execution of this contract.,Low,None
The vendor is responsible for ensuring compliance with GDPR.,High,Legal Review
Any disputes shall be referred to arbitration in New York.,Medium,Review
The service provider shall maintain data backups daily.,Low,None
The client agrees to pay additional fees for expedited delivery.,Medium,Review
The contractor shall comply with environmental regulations.,Medium,Review
The agreement may be extended upon mutual written consent.,Low,None
The vendor shall immediately notify the client of any potential risks.,High,Legal Review
The supplier shall notify the buyer of shipment within 24 hours.,Low,None
All employees must sign a confidentiality agreement before commencing work.,Medium,Review
The company shall have ownership of all inventions created under this contract.,High,Legal Review
The contractor must maintain industry certifications throughout the contract period.,Medium,Review
The client shall not reproduce or distribute the licensed software.,High,Legal Review
The provider may suspend service for non-payment after 15 days.,Medium,Review
All deliverables must meet the specifications outlined in Schedule A.,Low,None
The supplier is responsible for transportation and insurance until delivery.,Medium,Review
The customer acknowledges receipt of all goods in satisfactory condition.,Low,None
The company may terminate this agreement immediately for breach.,High,Legal Review
The developer shall not reuse proprietary code in other projects.,Medium,Review
The vendor must obtain prior approval for using third-party materials.,Medium,Review
All disputes shall be governed by the laws of California.,Low,None
The customer shall ensure premises are accessible for installation.,Low,None
The contractor must provide weekly progress updates.,Medium,Review
The company shall provide 14 days' notice before price adjustments.,Medium,Review
The service provider must delete client data after project completion.,High,Legal Review
The supplier agrees to replace defective products within 7 days.,Low,None
All marketing materials must be approved by the client.,Medium,Review
The contractor must comply with all occupational safety regulations.,High,Legal Review
The agreement shall not create a partnership or joint venture.,Low,None
The provider shall notify the client before any system downtime.,Medium,Review
The client shall bear the cost of additional change requests.,Medium,Review
The supplier must maintain stock levels sufficient to meet demand.,Low,None
The service provider shall retain records for five years.,Medium,Review
The contractor shall not assign this contract without prior consent.,Medium,Review
The agreement becomes effective upon signature by both parties.,Low,None
The company reserves the right to withhold payment for non-performance.,High,Legal Review
The client is responsible for providing accurate data inputs.,Low,None
The supplier must immediately report any regulatory violations.,High,Legal Review
The vendor shall implement encryption for all data in transit.,High,Legal Review
The customer shall test and approve deliverables within 10 business days.,Medium,Review
The contractor must not disclose the client’s name without consent.,Medium,Review
The provider shall ensure regular maintenance of supplied equipment.,Low,None
All employees must complete annual cybersecurity training.,High,Legal Review
The client shall reimburse travel expenses upon submission of receipts.,Medium,Review
The company must provide necessary documentation within the agreed timeframe.,Low,None
The vendor shall ensure that subcontractors comply with all obligations.,Medium,Review
The supplier must retain proof of quality checks for audit purposes.,High,Legal Review
Either party may extend this agreement upon mutual consent.,Low,None
The contractor is responsible for any penalties due to late delivery.,Medium,Review
The provider shall maintain an incident response plan.,High,Legal Review
The client may request modification of services upon 10 days’ notice.,Medium,Review
The software license is non-transferable and limited to one user.,High,Legal Review
The vendor shall ensure accessibility compliance under WCAG 2.1.,Medium,Review
The agreement shall remain confidential between the signing parties.,Low,None
The supplier must notify the client before engaging new subcontractors.,Medium,Review
The provider shall ensure system logs are retained for audit purposes.,High,Legal Review
The agreement shall be valid for a period of 24 months from execution.,Low,None
The contractor shall provide warranty support for six months post-delivery.,Medium,Review
